--------------------------------------------------------
--  File created - Monday-October-28-2019   
--------------------------------------------------------
DROP TABLE "AIRLINE_P"."TBL_ADMIN" cascade constraints;
DROP TABLE "AIRLINE_P"."TBL_BOOKING_INFO" cascade constraints;
DROP TABLE "AIRLINE_P"."TBL_CITY_INFO" cascade constraints;
DROP TABLE "AIRLINE_P"."TBL_FARE" cascade constraints;
DROP TABLE "AIRLINE_P"."TBL_FLIGHT_INFO" cascade constraints;
DROP TABLE "AIRLINE_P"."TBL_FLIGHT_SCHEDULE" cascade constraints;
DROP TABLE "AIRLINE_P"."TBL_PASSENGER_INFO" cascade constraints;
DROP TABLE "AIRLINE_P"."TBL_PAYMENT" cascade constraints;
DROP TABLE "AIRLINE_P"."TBL_USER" cascade constraints;
DROP SEQUENCE "AIRLINE_P"."FLIGHT_SCHEDULE_SEQ";
DROP SEQUENCE "AIRLINE_P"."FLIGHT_SEQ";
DROP SEQUENCE "AIRLINE_P"."PROD_SEQ";
DROP SEQUENCE "AIRLINE_P"."USER_SEQ";
--------------------------------------------------------
--  DDL for Sequence FLIGHT_SCHEDULE_SEQ
--------------------------------------------------------

   CREATE SEQUENCE  "AIRLINE_P"."FLIGHT_SCHEDULE_SEQ"  MINVALUE 1 MAXVALUE 999999999999999999999999999 INCREMENT BY 1 START WITH 141 CACHE 20 NOORDER  NOCYCLE ;
--------------------------------------------------------
--  DDL for Sequence FLIGHT_SEQ
--------------------------------------------------------

   CREATE SEQUENCE  "AIRLINE_P"."FLIGHT_SEQ"  MINVALUE 1 MAXVALUE 999999999999999999999999999 INCREMENT BY 1 START WITH 41 CACHE 20 NOORDER  NOCYCLE ;
--------------------------------------------------------
--  DDL for Sequence PROD_SEQ
--------------------------------------------------------

   CREATE SEQUENCE  "AIRLINE_P"."PROD_SEQ"  MINVALUE 1 MAXVALUE 999999999999999999999999999 INCREMENT BY 1 START WITH 1 CACHE 20 NOORDER  NOCYCLE ;
--------------------------------------------------------
--  DDL for Sequence USER_SEQ
--------------------------------------------------------

   CREATE SEQUENCE  "AIRLINE_P"."USER_SEQ"  MINVALUE 1 MAXVALUE 999999999999999999999999999 INCREMENT BY 1 START WITH 141 CACHE 20 NOORDER  NOCYCLE ;
--------------------------------------------------------
--  DDL for Table TBL_ADMIN
--------------------------------------------------------

  CREATE TABLE "AIRLINE_P"."TBL_ADMIN" 
   (	"ADMIN_ID" NUMBER(30,0), 
	"NAME" VARCHAR2(50 BYTE), 
	"EMAIL" VARCHAR2(50 BYTE), 
	"CONTACT" NUMBER(30,0), 
	"SECURITY_QUESTION" VARCHAR2(100 BYTE), 
	"SECURITY_ANSWER" VARCHAR2(100 BYTE), 
	"PASSWORD" VARCHAR2(10 BYTE)
   ) PCTFREE 10 PCTUSED 40 INITRANS 1 MAXTRANS 255 NOCOMPRESS LOGGING
  STORAGE(INITIAL 65536 NEXT 1048576 MINEXTENTS 1 MAXEXTENTS 2147483645
  PCTINCREASE 0 FREELISTS 1 FREELIST GROUPS 1 BUFFER_POOL DEFAULT)
  TABLESPACE "SYSTEM" ;
--------------------------------------------------------
--  DDL for Table TBL_BOOKING_INFO
--------------------------------------------------------

  CREATE TABLE "AIRLINE_P"."TBL_BOOKING_INFO" 
   (	"BOOKING_ID" NUMBER(10,0), 
	"SCHEDULE_ID" NUMBER(10,0), 
	"USER_ID" NUMBER(10,0), 
	"DATE_OF_BOOKING" DATE, 
	"TIME_OF_BOOKING" VARCHAR2(20 BYTE), 
	"NUMBER_OF_SEATS" NUMBER(10,0), 
	"SEAT_CLASS" VARCHAR2(20 BYTE), 
	"TOTAL_COST" NUMBER(10,0)
   ) PCTFREE 10 PCTUSED 40 INITRANS 1 MAXTRANS 255 NOCOMPRESS LOGGING
  STORAGE(INITIAL 65536 NEXT 1048576 MINEXTENTS 1 MAXEXTENTS 2147483645
  PCTINCREASE 0 FREELISTS 1 FREELIST GROUPS 1 BUFFER_POOL DEFAULT)
  TABLESPACE "SYSTEM" ;
--------------------------------------------------------
--  DDL for Table TBL_CITY_INFO
--------------------------------------------------------

  CREATE TABLE "AIRLINE_P"."TBL_CITY_INFO" 
   (	"CITY_ID" NUMBER(10,0), 
	"CITY_NAME" VARCHAR2(20 BYTE)
   ) PCTFREE 10 PCTUSED 40 INITRANS 1 MAXTRANS 255 NOCOMPRESS LOGGING
  STORAGE(INITIAL 65536 NEXT 1048576 MINEXTENTS 1 MAXEXTENTS 2147483645
  PCTINCREASE 0 FREELISTS 1 FREELIST GROUPS 1 BUFFER_POOL DEFAULT)
  TABLESPACE "SYSTEM" ;
--------------------------------------------------------
--  DDL for Table TBL_FARE
--------------------------------------------------------

  CREATE TABLE "AIRLINE_P"."TBL_FARE" 
   (	"FARE_ID" NUMBER(10,0), 
	"BUSINESS_COST" NUMBER(10,0), 
	"ECONOMY_COST" NUMBER(10,0)
   ) PCTFREE 10 PCTUSED 40 INITRANS 1 MAXTRANS 255 NOCOMPRESS LOGGING
  STORAGE(INITIAL 65536 NEXT 1048576 MINEXTENTS 1 MAXEXTENTS 2147483645
  PCTINCREASE 0 FREELISTS 1 FREELIST GROUPS 1 BUFFER_POOL DEFAULT)
  TABLESPACE "SYSTEM" ;
--------------------------------------------------------
--  DDL for Table TBL_FLIGHT_INFO
--------------------------------------------------------

  CREATE TABLE "AIRLINE_P"."TBL_FLIGHT_INFO" 
   (	"FLIGHT_NUMBER" NUMBER(10,0), 
	"FLIGHT_NAME" VARCHAR2(20 BYTE), 
	"TOTAL_SEAT_ECONOMY" NUMBER(10,0), 
	"TOTAL_SEAT_BUSINESS" NUMBER(10,0)
   ) PCTFREE 10 PCTUSED 40 INITRANS 1 MAXTRANS 255 NOCOMPRESS LOGGING
  STORAGE(INITIAL 65536 NEXT 1048576 MINEXTENTS 1 MAXEXTENTS 2147483645
  PCTINCREASE 0 FREELISTS 1 FREELIST GROUPS 1 BUFFER_POOL DEFAULT)
  TABLESPACE "SYSTEM" ;
--------------------------------------------------------
--  DDL for Table TBL_FLIGHT_SCHEDULE
--------------------------------------------------------

  CREATE TABLE "AIRLINE_P"."TBL_FLIGHT_SCHEDULE" 
   (	"SCHEDULE_ID" NUMBER(10,0), 
	"DEPARTURE_DATE" DATE, 
	"ARRIVAL_DATE" DATE, 
	"DEPARTURE_TIME" VARCHAR2(20 BYTE), 
	"ARRIVAL_TIME" VARCHAR2(20 BYTE), 
	"STATUS" VARCHAR2(20 BYTE), 
	"SEATS_AVAILABLE_ECONOMY" NUMBER(20,0), 
	"SEATS_AVAILABLE_BUSINESS" NUMBER(20,0), 
	"SOURCE" VARCHAR2(20 BYTE), 
	"DESTINATION" VARCHAR2(20 BYTE), 
	"BUSINESS_CLASS" NUMBER(10,0), 
	"ECONOMY_CLASS" NUMBER(10,0), 
	"FLIGHT_NUMBER" NUMBER, 
	"FARE_ID" NUMBER(10,0)
   ) PCTFREE 10 PCTUSED 40 INITRANS 1 MAXTRANS 255 NOCOMPRESS LOGGING
  STORAGE(INITIAL 65536 NEXT 1048576 MINEXTENTS 1 MAXEXTENTS 2147483645
  PCTINCREASE 0 FREELISTS 1 FREELIST GROUPS 1 BUFFER_POOL DEFAULT)
  TABLESPACE "SYSTEM" ;
--------------------------------------------------------
--  DDL for Table TBL_PASSENGER_INFO
--------------------------------------------------------

  CREATE TABLE "AIRLINE_P"."TBL_PASSENGER_INFO" 
   (	"PASSENGER_ID" NUMBER(10,0), 
	"USER_ID" NUMBER(10,0), 
	"FIRST_NAME" VARCHAR2(20 BYTE), 
	"LAST_NAME" VARCHAR2(10 BYTE), 
	"AGE" NUMBER(10,0), 
	"BOOKING_ID" NUMBER(10,0)
   ) PCTFREE 10 PCTUSED 40 INITRANS 1 MAXTRANS 255 NOCOMPRESS LOGGING
  STORAGE(INITIAL 65536 NEXT 1048576 MINEXTENTS 1 MAXEXTENTS 2147483645
  PCTINCREASE 0 FREELISTS 1 FREELIST GROUPS 1 BUFFER_POOL DEFAULT)
  TABLESPACE "SYSTEM" ;
--------------------------------------------------------
--  DDL for Table TBL_PAYMENT
--------------------------------------------------------

  CREATE TABLE "AIRLINE_P"."TBL_PAYMENT" 
   (	"PAYMENT_ID" NUMBER(10,0), 
	"USER_ID" NUMBER(10,0), 
	"BOOKING_ID" NUMBER(10,0), 
	"CARD_NUMBER" VARCHAR2(20 BYTE), 
	"MODE_OF_PAYMENT" VARCHAR2(20 BYTE), 
	"AMOUNT" NUMBER(10,0)
   ) PCTFREE 10 PCTUSED 40 INITRANS 1 MAXTRANS 255 NOCOMPRESS LOGGING
  STORAGE(INITIAL 65536 NEXT 1048576 MINEXTENTS 1 MAXEXTENTS 2147483645
  PCTINCREASE 0 FREELISTS 1 FREELIST GROUPS 1 BUFFER_POOL DEFAULT)
  TABLESPACE "SYSTEM" ;
--------------------------------------------------------
--  DDL for Table TBL_USER
--------------------------------------------------------

  CREATE TABLE "AIRLINE_P"."TBL_USER" 
   (	"USER_ID" NUMBER(10,0), 
	"FIRST_NAME" VARCHAR2(50 BYTE), 
	"LAST_NAME" VARCHAR2(50 BYTE), 
	"EMAIL_ID" VARCHAR2(50 BYTE), 
	"PASSWORD" VARCHAR2(30 BYTE), 
	"DATE_OF_BIRTH" DATE, 
	"PHONE_NO" NUMBER(10,0), 
	"SECURITY_QUESTION_USER" VARCHAR2(100 BYTE), 
	"SECURITY_ANSWER_USER" VARCHAR2(50 BYTE)
   ) PCTFREE 10 PCTUSED 40 INITRANS 1 MAXTRANS 255 NOCOMPRESS LOGGING
  STORAGE(INITIAL 65536 NEXT 1048576 MINEXTENTS 1 MAXEXTENTS 2147483645
  PCTINCREASE 0 FREELISTS 1 FREELIST GROUPS 1 BUFFER_POOL DEFAULT)
  TABLESPACE "SYSTEM" ;
REM INSERTING into AIRLINE_P.TBL_ADMIN
SET DEFINE OFF;
Insert into AIRLINE_P.TBL_ADMIN (ADMIN_ID,NAME,EMAIL,CONTACT,SECURITY_QUESTION,SECURITY_ANSWER,PASSWORD) values (1,' Sarvesh Kuthe','sarvesh@lti.com',1526389562,'What is your pet''s name?','Tommy','123');
Insert into AIRLINE_P.TBL_ADMIN (ADMIN_ID,NAME,EMAIL,CONTACT,SECURITY_QUESTION,SECURITY_ANSWER,PASSWORD) values (2,'Nigel ','nigel@lti.com',5563895632,'What is your pet''s name?','Moti','456');
REM INSERTING into AIRLINE_P.TBL_BOOKING_INFO
SET DEFINE OFF;
REM INSERTING into AIRLINE_P.TBL_CITY_INFO
SET DEFINE OFF;
Insert into AIRLINE_P.TBL_CITY_INFO (CITY_ID,CITY_NAME) values (101,'Mumbai');
Insert into AIRLINE_P.TBL_CITY_INFO (CITY_ID,CITY_NAME) values (102,'Delhi');
Insert into AIRLINE_P.TBL_CITY_INFO (CITY_ID,CITY_NAME) values (103,'Pune');
Insert into AIRLINE_P.TBL_CITY_INFO (CITY_ID,CITY_NAME) values (104,'Bangalore');
Insert into AIRLINE_P.TBL_CITY_INFO (CITY_ID,CITY_NAME) values (105,'Chennai');
REM INSERTING into AIRLINE_P.TBL_FARE
SET DEFINE OFF;
Insert into AIRLINE_P.TBL_FARE (FARE_ID,BUSINESS_COST,ECONOMY_COST) values (201,4000,2000);
Insert into AIRLINE_P.TBL_FARE (FARE_ID,BUSINESS_COST,ECONOMY_COST) values (202,3500,2000);
Insert into AIRLINE_P.TBL_FARE (FARE_ID,BUSINESS_COST,ECONOMY_COST) values (203,3000,1500);
Insert into AIRLINE_P.TBL_FARE (FARE_ID,BUSINESS_COST,ECONOMY_COST) values (204,5000,3000);
Insert into AIRLINE_P.TBL_FARE (FARE_ID,BUSINESS_COST,ECONOMY_COST) values (205,4500,2500);
REM INSERTING into AIRLINE_P.TBL_FLIGHT_INFO
SET DEFINE OFF;
Insert into AIRLINE_P.TBL_FLIGHT_INFO (FLIGHT_NUMBER,FLIGHT_NAME,TOTAL_SEAT_ECONOMY,TOTAL_SEAT_BUSINESS) values (1005,'Air456',100,40);
Insert into AIRLINE_P.TBL_FLIGHT_INFO (FLIGHT_NUMBER,FLIGHT_NAME,TOTAL_SEAT_ECONOMY,TOTAL_SEAT_BUSINESS) values (1001,'Air123',100,50);
Insert into AIRLINE_P.TBL_FLIGHT_INFO (FLIGHT_NUMBER,FLIGHT_NAME,TOTAL_SEAT_ECONOMY,TOTAL_SEAT_BUSINESS) values (1003,'Air789',160,70);
Insert into AIRLINE_P.TBL_FLIGHT_INFO (FLIGHT_NUMBER,FLIGHT_NAME,TOTAL_SEAT_ECONOMY,TOTAL_SEAT_BUSINESS) values (1002,'Air80',80,40);
Insert into AIRLINE_P.TBL_FLIGHT_INFO (FLIGHT_NUMBER,FLIGHT_NAME,TOTAL_SEAT_ECONOMY,TOTAL_SEAT_BUSINESS) values (1004,'Air786',120,50);
Insert into AIRLINE_P.TBL_FLIGHT_INFO (FLIGHT_NUMBER,FLIGHT_NAME,TOTAL_SEAT_ECONOMY,TOTAL_SEAT_BUSINESS) values (123,'Air',12,123);
Insert into AIRLINE_P.TBL_FLIGHT_INFO (FLIGHT_NUMBER,FLIGHT_NAME,TOTAL_SEAT_ECONOMY,TOTAL_SEAT_BUSINESS) values (456,'nigel11',63,36);
REM INSERTING into AIRLINE_P.TBL_FLIGHT_SCHEDULE
SET DEFINE OFF;
Insert into AIRLINE_P.TBL_FLIGHT_SCHEDULE (SCHEDULE_ID,DEPARTURE_DATE,ARRIVAL_DATE,DEPARTURE_TIME,ARRIVAL_TIME,STATUS,SEATS_AVAILABLE_ECONOMY,SEATS_AVAILABLE_BUSINESS,SOURCE,DESTINATION,BUSINESS_CLASS,ECONOMY_CLASS,FLIGHT_NUMBER,FARE_ID) values (68,to_date('29-10-19','DD-MM-RR'),to_date('30-10-19','DD-MM-RR'),'12:00','14:00','On Time',80,40,'Mumbai','Delhi',4000,2000,1001,201);
Insert into AIRLINE_P.TBL_FLIGHT_SCHEDULE (SCHEDULE_ID,DEPARTURE_DATE,ARRIVAL_DATE,DEPARTURE_TIME,ARRIVAL_TIME,STATUS,SEATS_AVAILABLE_ECONOMY,SEATS_AVAILABLE_BUSINESS,SOURCE,DESTINATION,BUSINESS_CLASS,ECONOMY_CLASS,FLIGHT_NUMBER,FARE_ID) values (70,to_date('30-10-19','DD-MM-RR'),to_date('31-10-19','DD-MM-RR'),'05:00','07:00','On Time',20,20,'Pune','Mumbai',2500,1000,1002,202);
Insert into AIRLINE_P.TBL_FLIGHT_SCHEDULE (SCHEDULE_ID,DEPARTURE_DATE,ARRIVAL_DATE,DEPARTURE_TIME,ARRIVAL_TIME,STATUS,SEATS_AVAILABLE_ECONOMY,SEATS_AVAILABLE_BUSINESS,SOURCE,DESTINATION,BUSINESS_CLASS,ECONOMY_CLASS,FLIGHT_NUMBER,FARE_ID) values (71,to_date('31-10-19','DD-MM-RR'),to_date('01-11-19','DD-MM-RR'),'21:00','23:00','On Time',40,40,'Mumbai','Chennai',3500,1500,1003,203);
Insert into AIRLINE_P.TBL_FLIGHT_SCHEDULE (SCHEDULE_ID,DEPARTURE_DATE,ARRIVAL_DATE,DEPARTURE_TIME,ARRIVAL_TIME,STATUS,SEATS_AVAILABLE_ECONOMY,SEATS_AVAILABLE_BUSINESS,SOURCE,DESTINATION,BUSINESS_CLASS,ECONOMY_CLASS,FLIGHT_NUMBER,FARE_ID) values (72,to_date('01-11-19','DD-MM-RR'),to_date('01-11-19','DD-MM-RR'),'07:00','08:00','Cancelled',30,30,'Chennai','Pune',2000,1000,1004,204);
Insert into AIRLINE_P.TBL_FLIGHT_SCHEDULE (SCHEDULE_ID,DEPARTURE_DATE,ARRIVAL_DATE,DEPARTURE_TIME,ARRIVAL_TIME,STATUS,SEATS_AVAILABLE_ECONOMY,SEATS_AVAILABLE_BUSINESS,SOURCE,DESTINATION,BUSINESS_CLASS,ECONOMY_CLASS,FLIGHT_NUMBER,FARE_ID) values (73,to_date('01-11-19','DD-MM-RR'),to_date('02-11-19','DD-MM-RR'),'23:00','01:00','On Time',50,20,'Chennai','Mumbai',4000,2000,1005,205);
Insert into AIRLINE_P.TBL_FLIGHT_SCHEDULE (SCHEDULE_ID,DEPARTURE_DATE,ARRIVAL_DATE,DEPARTURE_TIME,ARRIVAL_TIME,STATUS,SEATS_AVAILABLE_ECONOMY,SEATS_AVAILABLE_BUSINESS,SOURCE,DESTINATION,BUSINESS_CLASS,ECONOMY_CLASS,FLIGHT_NUMBER,FARE_ID) values (69,to_date('29-10-19','DD-MM-RR'),to_date('29-10-19','DD-MM-RR'),'03:00','06:00','Cancelled',60,20,'Delhi','Chennai',5000,2500,1001,201);
Insert into AIRLINE_P.TBL_FLIGHT_SCHEDULE (SCHEDULE_ID,DEPARTURE_DATE,ARRIVAL_DATE,DEPARTURE_TIME,ARRIVAL_TIME,STATUS,SEATS_AVAILABLE_ECONOMY,SEATS_AVAILABLE_BUSINESS,SOURCE,DESTINATION,BUSINESS_CLASS,ECONOMY_CLASS,FLIGHT_NUMBER,FARE_ID) values (74,to_date('31-10-19','DD-MM-RR'),to_date('31-10-19','DD-MM-RR'),'08:00','10:00','On Time',30,30,'Delhi','Pune',3000,2000,1002,202);
Insert into AIRLINE_P.TBL_FLIGHT_SCHEDULE (SCHEDULE_ID,DEPARTURE_DATE,ARRIVAL_DATE,DEPARTURE_TIME,ARRIVAL_TIME,STATUS,SEATS_AVAILABLE_ECONOMY,SEATS_AVAILABLE_BUSINESS,SOURCE,DESTINATION,BUSINESS_CLASS,ECONOMY_CLASS,FLIGHT_NUMBER,FARE_ID) values (75,to_date('01-11-19','DD-MM-RR'),to_date('01-10-19','DD-MM-RR'),'11:00','12:00','Cancelled',120,80,'Mumbai','Chennai',4000,2500,1003,203);
Insert into AIRLINE_P.TBL_FLIGHT_SCHEDULE (SCHEDULE_ID,DEPARTURE_DATE,ARRIVAL_DATE,DEPARTURE_TIME,ARRIVAL_TIME,STATUS,SEATS_AVAILABLE_ECONOMY,SEATS_AVAILABLE_BUSINESS,SOURCE,DESTINATION,BUSINESS_CLASS,ECONOMY_CLASS,FLIGHT_NUMBER,FARE_ID) values (76,to_date('02-11-19','DD-MM-RR'),to_date('02-11-19','DD-MM-RR'),'1:00','03:00','On Time',40,30,'Mumbai','Delhi',3000,2000,1004,202);
Insert into AIRLINE_P.TBL_FLIGHT_SCHEDULE (SCHEDULE_ID,DEPARTURE_DATE,ARRIVAL_DATE,DEPARTURE_TIME,ARRIVAL_TIME,STATUS,SEATS_AVAILABLE_ECONOMY,SEATS_AVAILABLE_BUSINESS,SOURCE,DESTINATION,BUSINESS_CLASS,ECONOMY_CLASS,FLIGHT_NUMBER,FARE_ID) values (77,to_date('01-11-19','DD-MM-RR'),to_date('01-10-19','DD-MM-RR'),'22:00','23:00','On Time',50,40,'Pune','Chennai',4000,2500,1005,201);
Insert into AIRLINE_P.TBL_FLIGHT_SCHEDULE (SCHEDULE_ID,DEPARTURE_DATE,ARRIVAL_DATE,DEPARTURE_TIME,ARRIVAL_TIME,STATUS,SEATS_AVAILABLE_ECONOMY,SEATS_AVAILABLE_BUSINESS,SOURCE,DESTINATION,BUSINESS_CLASS,ECONOMY_CLASS,FLIGHT_NUMBER,FARE_ID) values (121,to_date('25-10-19','DD-MM-RR'),to_date('27-10-19','DD-MM-RR'),'12:00','3:00','cancelled',12,546,'Mumbai','Delhi',null,null,1005,204);
Insert into AIRLINE_P.TBL_FLIGHT_SCHEDULE (SCHEDULE_ID,DEPARTURE_DATE,ARRIVAL_DATE,DEPARTURE_TIME,ARRIVAL_TIME,STATUS,SEATS_AVAILABLE_ECONOMY,SEATS_AVAILABLE_BUSINESS,SOURCE,DESTINATION,BUSINESS_CLASS,ECONOMY_CLASS,FLIGHT_NUMBER,FARE_ID) values (122,to_date('24-10-19','DD-MM-RR'),to_date('25-10-19','DD-MM-RR'),'1:00','2:00','cancelled',12,546,'mumbai','dadar',null,null,456,203);
REM INSERTING into AIRLINE_P.TBL_PASSENGER_INFO
SET DEFINE OFF;
REM INSERTING into AIRLINE_P.TBL_PAYMENT
SET DEFINE OFF;
REM INSERTING into AIRLINE_P.TBL_USER
SET DEFINE OFF;
Insert into AIRLINE_P.TBL_USER (USER_ID,FIRST_NAME,LAST_NAME,EMAIL_ID,PASSWORD,DATE_OF_BIRTH,PHONE_NO,SECURITY_QUESTION_USER,SECURITY_ANSWER_USER) values (21,'k','t','k@lti','k@lti',to_date('10-10-19','DD-MM-RR'),1214255,'1','shukla');
Insert into AIRLINE_P.TBL_USER (USER_ID,FIRST_NAME,LAST_NAME,EMAIL_ID,PASSWORD,DATE_OF_BIRTH,PHONE_NO,SECURITY_QUESTION_USER,SECURITY_ANSWER_USER) values (64,'Sarvesh','Kuthe','Sarvesh@lti.com','Sar@123',to_date('20-10-19','DD-MM-RR'),1236521236,'2','ghh');
Insert into AIRLINE_P.TBL_USER (USER_ID,FIRST_NAME,LAST_NAME,EMAIL_ID,PASSWORD,DATE_OF_BIRTH,PHONE_NO,SECURITY_QUESTION_USER,SECURITY_ANSWER_USER) values (65,'Nigel','Rodrigeuz','nigel@lti.com','Nig@123',to_date('26-10-19','DD-MM-RR'),4563232564,'11','shukla');
Insert into AIRLINE_P.TBL_USER (USER_ID,FIRST_NAME,LAST_NAME,EMAIL_ID,PASSWORD,DATE_OF_BIRTH,PHONE_NO,SECURITY_QUESTION_USER,SECURITY_ANSWER_USER) values (66,'Ahmed','Shaikh','ahmed@lti.com','Ahmed@123',to_date('27-10-19','DD-MM-RR'),8956231456,'3','holy name');
Insert into AIRLINE_P.TBL_USER (USER_ID,FIRST_NAME,LAST_NAME,EMAIL_ID,PASSWORD,DATE_OF_BIRTH,PHONE_NO,SECURITY_QUESTION_USER,SECURITY_ANSWER_USER) values (81,'Lisa','Anthony','lisaanthony46@gmail.com','lisa123',to_date('23-10-19','DD-MM-RR'),9167532651,'2','doggo');
Insert into AIRLINE_P.TBL_USER (USER_ID,FIRST_NAME,LAST_NAME,EMAIL_ID,PASSWORD,DATE_OF_BIRTH,PHONE_NO,SECURITY_QUESTION_USER,SECURITY_ANSWER_USER) values (121,'dsfd','Tyagi','nigel@lti.com','147',to_date('19-10-19','DD-MM-RR'),14785,'3','LTI');
Insert into AIRLINE_P.TBL_USER (USER_ID,FIRST_NAME,LAST_NAME,EMAIL_ID,PASSWORD,DATE_OF_BIRTH,PHONE_NO,SECURITY_QUESTION_USER,SECURITY_ANSWER_USER) values (61,'sarvesh','kuthe','s@lti','Sar@123',to_date('08-10-19','DD-MM-RR'),5623214596,'2','kfjkg');
--------------------------------------------------------
--  DDL for Index TBL_PASSENGER_ID_PK
--------------------------------------------------------

  CREATE UNIQUE INDEX "AIRLINE_P"."TBL_PASSENGER_ID_PK" ON "AIRLINE_P"."TBL_PASSENGER_INFO" ("PASSENGER_ID") 
  PCTFREE 10 INITRANS 2 MAXTRANS 255 COMPUTE STATISTICS 
  STORAGE(INITIAL 65536 NEXT 1048576 MINEXTENTS 1 MAXEXTENTS 2147483645
  PCTINCREASE 0 FREELISTS 1 FREELIST GROUPS 1 BUFFER_POOL DEFAULT)
  TABLESPACE "SYSTEM" ;
--------------------------------------------------------
--  DDL for Index TBL_PAYMENT_PK
--------------------------------------------------------

  CREATE UNIQUE INDEX "AIRLINE_P"."TBL_PAYMENT_PK" ON "AIRLINE_P"."TBL_PAYMENT" ("PAYMENT_ID") 
  PCTFREE 10 INITRANS 2 MAXTRANS 255 COMPUTE STATISTICS 
  STORAGE(INITIAL 65536 NEXT 1048576 MINEXTENTS 1 MAXEXTENTS 2147483645
  PCTINCREASE 0 FREELISTS 1 FREELIST GROUPS 1 BUFFER_POOL DEFAULT)
  TABLESPACE "SYSTEM" ;
--------------------------------------------------------
--  DDL for Index TBL_FLIGHT_INFO_PK
--------------------------------------------------------

  CREATE UNIQUE INDEX "AIRLINE_P"."TBL_FLIGHT_INFO_PK" ON "AIRLINE_P"."TBL_FLIGHT_INFO" ("FLIGHT_NUMBER") 
  PCTFREE 10 INITRANS 2 MAXTRANS 255 COMPUTE STATISTICS 
  STORAGE(INITIAL 65536 NEXT 1048576 MINEXTENTS 1 MAXEXTENTS 2147483645
  PCTINCREASE 0 FREELISTS 1 FREELIST GROUPS 1 BUFFER_POOL DEFAULT)
  TABLESPACE "SYSTEM" ;
--------------------------------------------------------
--  DDL for Index TBL_USER_PK
--------------------------------------------------------

  CREATE UNIQUE INDEX "AIRLINE_P"."TBL_USER_PK" ON "AIRLINE_P"."TBL_USER" ("USER_ID") 
  PCTFREE 10 INITRANS 2 MAXTRANS 255 COMPUTE STATISTICS 
  STORAGE(INITIAL 65536 NEXT 1048576 MINEXTENTS 1 MAXEXTENTS 2147483645
  PCTINCREASE 0 FREELISTS 1 FREELIST GROUPS 1 BUFFER_POOL DEFAULT)
  TABLESPACE "SYSTEM" ;
--------------------------------------------------------
--  DDL for Index TBL_CITY_INFO_PK
--------------------------------------------------------

  CREATE UNIQUE INDEX "AIRLINE_P"."TBL_CITY_INFO_PK" ON "AIRLINE_P"."TBL_CITY_INFO" ("CITY_ID") 
  PCTFREE 10 INITRANS 2 MAXTRANS 255 COMPUTE STATISTICS 
  STORAGE(INITIAL 65536 NEXT 1048576 MINEXTENTS 1 MAXEXTENTS 2147483645
  PCTINCREASE 0 FREELISTS 1 FREELIST GROUPS 1 BUFFER_POOL DEFAULT)
  TABLESPACE "SYSTEM" ;
--------------------------------------------------------
--  DDL for Index TBL_FLIGHT_SCHEDULE_PK
--------------------------------------------------------

  CREATE UNIQUE INDEX "AIRLINE_P"."TBL_FLIGHT_SCHEDULE_PK" ON "AIRLINE_P"."TBL_FLIGHT_SCHEDULE" ("SCHEDULE_ID") 
  PCTFREE 10 INITRANS 2 MAXTRANS 255 COMPUTE STATISTICS 
  STORAGE(INITIAL 65536 NEXT 1048576 MINEXTENTS 1 MAXEXTENTS 2147483645
  PCTINCREASE 0 FREELISTS 1 FREELIST GROUPS 1 BUFFER_POOL DEFAULT)
  TABLESPACE "SYSTEM" ;
--------------------------------------------------------
--  DDL for Index TBL_ADMIN_PK
--------------------------------------------------------

  CREATE UNIQUE INDEX "AIRLINE_P"."TBL_ADMIN_PK" ON "AIRLINE_P"."TBL_ADMIN" ("ADMIN_ID") 
  PCTFREE 10 INITRANS 2 MAXTRANS 255 COMPUTE STATISTICS 
  STORAGE(INITIAL 65536 NEXT 1048576 MINEXTENTS 1 MAXEXTENTS 2147483645
  PCTINCREASE 0 FREELISTS 1 FREELIST GROUPS 1 BUFFER_POOL DEFAULT)
  TABLESPACE "SYSTEM" ;
--------------------------------------------------------
--  DDL for Index TBL_COST_PK
--------------------------------------------------------

  CREATE UNIQUE INDEX "AIRLINE_P"."TBL_COST_PK" ON "AIRLINE_P"."TBL_FARE" ("FARE_ID") 
  PCTFREE 10 INITRANS 2 MAXTRANS 255 COMPUTE STATISTICS 
  STORAGE(INITIAL 65536 NEXT 1048576 MINEXTENTS 1 MAXEXTENTS 2147483645
  PCTINCREASE 0 FREELISTS 1 FREELIST GROUPS 1 BUFFER_POOL DEFAULT)
  TABLESPACE "SYSTEM" ;
--------------------------------------------------------
--  DDL for Index TBL_BOOKING_INFO_PK
--------------------------------------------------------

  CREATE UNIQUE INDEX "AIRLINE_P"."TBL_BOOKING_INFO_PK" ON "AIRLINE_P"."TBL_BOOKING_INFO" ("BOOKING_ID") 
  PCTFREE 10 INITRANS 2 MAXTRANS 255 COMPUTE STATISTICS 
  STORAGE(INITIAL 65536 NEXT 1048576 MINEXTENTS 1 MAXEXTENTS 2147483645
  PCTINCREASE 0 FREELISTS 1 FREELIST GROUPS 1 BUFFER_POOL DEFAULT)
  TABLESPACE "SYSTEM" ;
--------------------------------------------------------
--  Constraints for Table TBL_BOOKING_INFO
--------------------------------------------------------

  ALTER TABLE "AIRLINE_P"."TBL_BOOKING_INFO" MODIFY ("BOOKING_ID" NOT NULL ENABLE);
 
  ALTER TABLE "AIRLINE_P"."TBL_BOOKING_INFO" MODIFY ("SCHEDULE_ID" NOT NULL ENABLE);
 
  ALTER TABLE "AIRLINE_P"."TBL_BOOKING_INFO" MODIFY ("USER_ID" NOT NULL ENABLE);
 
  ALTER TABLE "AIRLINE_P"."TBL_BOOKING_INFO" MODIFY ("DATE_OF_BOOKING" NOT NULL ENABLE);
 
  ALTER TABLE "AIRLINE_P"."TBL_BOOKING_INFO" MODIFY ("TIME_OF_BOOKING" NOT NULL ENABLE);
 
  ALTER TABLE "AIRLINE_P"."TBL_BOOKING_INFO" MODIFY ("NUMBER_OF_SEATS" NOT NULL ENABLE);
 
  ALTER TABLE "AIRLINE_P"."TBL_BOOKING_INFO" MODIFY ("SEAT_CLASS" NOT NULL ENABLE);
 
  ALTER TABLE "AIRLINE_P"."TBL_BOOKING_INFO" MODIFY ("TOTAL_COST" NOT NULL ENABLE);
 
  ALTER TABLE "AIRLINE_P"."TBL_BOOKING_INFO" ADD CONSTRAINT "TBL_BOOKING_INFO_PK" PRIMARY KEY ("BOOKING_ID")
  USING INDEX PCTFREE 10 INITRANS 2 MAXTRANS 255 COMPUTE STATISTICS 
  STORAGE(INITIAL 65536 NEXT 1048576 MINEXTENTS 1 MAXEXTENTS 2147483645
  PCTINCREASE 0 FREELISTS 1 FREELIST GROUPS 1 BUFFER_POOL DEFAULT)
  TABLESPACE "SYSTEM"  ENABLE;
--------------------------------------------------------
--  Constraints for Table TBL_FLIGHT_SCHEDULE
--------------------------------------------------------

  ALTER TABLE "AIRLINE_P"."TBL_FLIGHT_SCHEDULE" MODIFY ("SCHEDULE_ID" NOT NULL ENABLE);
 
  ALTER TABLE "AIRLINE_P"."TBL_FLIGHT_SCHEDULE" MODIFY ("DEPARTURE_DATE" NOT NULL ENABLE);
 
  ALTER TABLE "AIRLINE_P"."TBL_FLIGHT_SCHEDULE" MODIFY ("ARRIVAL_DATE" NOT NULL ENABLE);
 
  ALTER TABLE "AIRLINE_P"."TBL_FLIGHT_SCHEDULE" MODIFY ("DEPARTURE_TIME" NOT NULL ENABLE);
 
  ALTER TABLE "AIRLINE_P"."TBL_FLIGHT_SCHEDULE" MODIFY ("ARRIVAL_TIME" NOT NULL ENABLE);
 
  ALTER TABLE "AIRLINE_P"."TBL_FLIGHT_SCHEDULE" MODIFY ("STATUS" NOT NULL ENABLE);
 
  ALTER TABLE "AIRLINE_P"."TBL_FLIGHT_SCHEDULE" MODIFY ("SEATS_AVAILABLE_ECONOMY" NOT NULL ENABLE);
 
  ALTER TABLE "AIRLINE_P"."TBL_FLIGHT_SCHEDULE" MODIFY ("SEATS_AVAILABLE_BUSINESS" NOT NULL ENABLE);
 
  ALTER TABLE "AIRLINE_P"."TBL_FLIGHT_SCHEDULE" MODIFY ("SOURCE" NOT NULL ENABLE);
 
  ALTER TABLE "AIRLINE_P"."TBL_FLIGHT_SCHEDULE" MODIFY ("DESTINATION" NOT NULL ENABLE);
 
  ALTER TABLE "AIRLINE_P"."TBL_FLIGHT_SCHEDULE" ADD CONSTRAINT "TBL_FLIGHT_SCHEDULE_PK" PRIMARY KEY ("SCHEDULE_ID")
  USING INDEX PCTFREE 10 INITRANS 2 MAXTRANS 255 COMPUTE STATISTICS 
  STORAGE(INITIAL 65536 NEXT 1048576 MINEXTENTS 1 MAXEXTENTS 2147483645
  PCTINCREASE 0 FREELISTS 1 FREELIST GROUPS 1 BUFFER_POOL DEFAULT)
  TABLESPACE "SYSTEM"  ENABLE;
--------------------------------------------------------
--  Constraints for Table TBL_PASSENGER_INFO
--------------------------------------------------------

  ALTER TABLE "AIRLINE_P"."TBL_PASSENGER_INFO" MODIFY ("PASSENGER_ID" NOT NULL ENABLE);
 
  ALTER TABLE "AIRLINE_P"."TBL_PASSENGER_INFO" ADD CONSTRAINT "TBL_PASSENGER_ID_PK" PRIMARY KEY ("PASSENGER_ID")
  USING INDEX PCTFREE 10 INITRANS 2 MAXTRANS 255 COMPUTE STATISTICS 
  STORAGE(INITIAL 65536 NEXT 1048576 MINEXTENTS 1 MAXEXTENTS 2147483645
  PCTINCREASE 0 FREELISTS 1 FREELIST GROUPS 1 BUFFER_POOL DEFAULT)
  TABLESPACE "SYSTEM"  ENABLE;
--------------------------------------------------------
--  Constraints for Table TBL_FLIGHT_INFO
--------------------------------------------------------

  ALTER TABLE "AIRLINE_P"."TBL_FLIGHT_INFO" MODIFY ("FLIGHT_NUMBER" NOT NULL ENABLE);
 
  ALTER TABLE "AIRLINE_P"."TBL_FLIGHT_INFO" ADD CONSTRAINT "TBL_FLIGHT_INFO_PK" PRIMARY KEY ("FLIGHT_NUMBER")
  USING INDEX PCTFREE 10 INITRANS 2 MAXTRANS 255 COMPUTE STATISTICS 
  STORAGE(INITIAL 65536 NEXT 1048576 MINEXTENTS 1 MAXEXTENTS 2147483645
  PCTINCREASE 0 FREELISTS 1 FREELIST GROUPS 1 BUFFER_POOL DEFAULT)
  TABLESPACE "SYSTEM"  ENABLE;
--------------------------------------------------------
--  Constraints for Table TBL_PAYMENT
--------------------------------------------------------

  ALTER TABLE "AIRLINE_P"."TBL_PAYMENT" MODIFY ("PAYMENT_ID" NOT NULL ENABLE);
 
  ALTER TABLE "AIRLINE_P"."TBL_PAYMENT" ADD CONSTRAINT "TBL_PAYMENT_PK" PRIMARY KEY ("PAYMENT_ID")
  USING INDEX PCTFREE 10 INITRANS 2 MAXTRANS 255 COMPUTE STATISTICS 
  STORAGE(INITIAL 65536 NEXT 1048576 MINEXTENTS 1 MAXEXTENTS 2147483645
  PCTINCREASE 0 FREELISTS 1 FREELIST GROUPS 1 BUFFER_POOL DEFAULT)
  TABLESPACE "SYSTEM"  ENABLE;
--------------------------------------------------------
--  Constraints for Table TBL_FARE
--------------------------------------------------------

  ALTER TABLE "AIRLINE_P"."TBL_FARE" MODIFY ("FARE_ID" NOT NULL ENABLE);
 
  ALTER TABLE "AIRLINE_P"."TBL_FARE" ADD CONSTRAINT "TBL_COST_PK" PRIMARY KEY ("FARE_ID")
  USING INDEX PCTFREE 10 INITRANS 2 MAXTRANS 255 COMPUTE STATISTICS 
  STORAGE(INITIAL 65536 NEXT 1048576 MINEXTENTS 1 MAXEXTENTS 2147483645
  PCTINCREASE 0 FREELISTS 1 FREELIST GROUPS 1 BUFFER_POOL DEFAULT)
  TABLESPACE "SYSTEM"  ENABLE;
--------------------------------------------------------
--  Constraints for Table TBL_CITY_INFO
--------------------------------------------------------

  ALTER TABLE "AIRLINE_P"."TBL_CITY_INFO" MODIFY ("CITY_ID" NOT NULL ENABLE);
 
  ALTER TABLE "AIRLINE_P"."TBL_CITY_INFO" ADD CONSTRAINT "TBL_CITY_INFO_PK" PRIMARY KEY ("CITY_ID")
  USING INDEX PCTFREE 10 INITRANS 2 MAXTRANS 255 COMPUTE STATISTICS 
  STORAGE(INITIAL 65536 NEXT 1048576 MINEXTENTS 1 MAXEXTENTS 2147483645
  PCTINCREASE 0 FREELISTS 1 FREELIST GROUPS 1 BUFFER_POOL DEFAULT)
  TABLESPACE "SYSTEM"  ENABLE;
--------------------------------------------------------
--  Constraints for Table TBL_ADMIN
--------------------------------------------------------

  ALTER TABLE "AIRLINE_P"."TBL_ADMIN" MODIFY ("ADMIN_ID" NOT NULL ENABLE);
 
  ALTER TABLE "AIRLINE_P"."TBL_ADMIN" MODIFY ("NAME" NOT NULL ENABLE);
 
  ALTER TABLE "AIRLINE_P"."TBL_ADMIN" MODIFY ("EMAIL" NOT NULL ENABLE);
 
  ALTER TABLE "AIRLINE_P"."TBL_ADMIN" MODIFY ("CONTACT" NOT NULL ENABLE);
 
  ALTER TABLE "AIRLINE_P"."TBL_ADMIN" ADD CONSTRAINT "TBL_ADMIN_PK" PRIMARY KEY ("ADMIN_ID")
  USING INDEX PCTFREE 10 INITRANS 2 MAXTRANS 255 COMPUTE STATISTICS 
  STORAGE(INITIAL 65536 NEXT 1048576 MINEXTENTS 1 MAXEXTENTS 2147483645
  PCTINCREASE 0 FREELISTS 1 FREELIST GROUPS 1 BUFFER_POOL DEFAULT)
  TABLESPACE "SYSTEM"  ENABLE;
--------------------------------------------------------
--  Constraints for Table TBL_USER
--------------------------------------------------------

  ALTER TABLE "AIRLINE_P"."TBL_USER" MODIFY ("USER_ID" NOT NULL ENABLE);
 
  ALTER TABLE "AIRLINE_P"."TBL_USER" MODIFY ("FIRST_NAME" NOT NULL ENABLE);
 
  ALTER TABLE "AIRLINE_P"."TBL_USER" MODIFY ("LAST_NAME" NOT NULL ENABLE);
 
  ALTER TABLE "AIRLINE_P"."TBL_USER" MODIFY ("EMAIL_ID" NOT NULL ENABLE);
 
  ALTER TABLE "AIRLINE_P"."TBL_USER" MODIFY ("PASSWORD" NOT NULL ENABLE);
 
  ALTER TABLE "AIRLINE_P"."TBL_USER" MODIFY ("DATE_OF_BIRTH" NOT NULL ENABLE);
 
  ALTER TABLE "AIRLINE_P"."TBL_USER" MODIFY ("PHONE_NO" NOT NULL ENABLE);
 
  ALTER TABLE "AIRLINE_P"."TBL_USER" MODIFY ("SECURITY_QUESTION_USER" NOT NULL ENABLE);
 
  ALTER TABLE "AIRLINE_P"."TBL_USER" MODIFY ("SECURITY_ANSWER_USER" NOT NULL ENABLE);
 
  ALTER TABLE "AIRLINE_P"."TBL_USER" ADD CONSTRAINT "TBL_USER_PK" PRIMARY KEY ("USER_ID")
  USING INDEX PCTFREE 10 INITRANS 2 MAXTRANS 255 COMPUTE STATISTICS 
  STORAGE(INITIAL 65536 NEXT 1048576 MINEXTENTS 1 MAXEXTENTS 2147483645
  PCTINCREASE 0 FREELISTS 1 FREELIST GROUPS 1 BUFFER_POOL DEFAULT)
  TABLESPACE "SYSTEM"  ENABLE;
--------------------------------------------------------
--  Ref Constraints for Table TBL_BOOKING_INFO
--------------------------------------------------------

  ALTER TABLE "AIRLINE_P"."TBL_BOOKING_INFO" ADD CONSTRAINT "FK_SCHEDULE_ID" FOREIGN KEY ("SCHEDULE_ID")
	  REFERENCES "AIRLINE_P"."TBL_FLIGHT_SCHEDULE" ("SCHEDULE_ID") ENABLE;
 
  ALTER TABLE "AIRLINE_P"."TBL_BOOKING_INFO" ADD CONSTRAINT "FK_USER_ID" FOREIGN KEY ("USER_ID")
	  REFERENCES "AIRLINE_P"."TBL_USER" ("USER_ID") ENABLE;
--------------------------------------------------------
--  Ref Constraints for Table TBL_FLIGHT_SCHEDULE
--------------------------------------------------------

  ALTER TABLE "AIRLINE_P"."TBL_FLIGHT_SCHEDULE" ADD CONSTRAINT "FJ_F_NUMBER" FOREIGN KEY ("FLIGHT_NUMBER")
	  REFERENCES "AIRLINE_P"."TBL_FLIGHT_INFO" ("FLIGHT_NUMBER") ENABLE;
 
  ALTER TABLE "AIRLINE_P"."TBL_FLIGHT_SCHEDULE" ADD CONSTRAINT "FK_FARE_ID" FOREIGN KEY ("FARE_ID")
	  REFERENCES "AIRLINE_P"."TBL_FARE" ("FARE_ID") ENABLE;
--------------------------------------------------------
--  Ref Constraints for Table TBL_PASSENGER_INFO
--------------------------------------------------------

  ALTER TABLE "AIRLINE_P"."TBL_PASSENGER_INFO" ADD CONSTRAINT "FK_USER_ID_PASSENGER" FOREIGN KEY ("USER_ID")
	  REFERENCES "AIRLINE_P"."TBL_USER" ("USER_ID") ENABLE;
--------------------------------------------------------
--  Ref Constraints for Table TBL_PAYMENT
--------------------------------------------------------

  ALTER TABLE "AIRLINE_P"."TBL_PAYMENT" ADD CONSTRAINT "FK_BOOKING_ID" FOREIGN KEY ("BOOKING_ID")
	  REFERENCES "AIRLINE_P"."TBL_BOOKING_INFO" ("BOOKING_ID") ENABLE;
 
  ALTER TABLE "AIRLINE_P"."TBL_PAYMENT" ADD CONSTRAINT "FK_USER_ID_PAYMENT" FOREIGN KEY ("USER_ID")
	  REFERENCES "AIRLINE_P"."TBL_USER" ("USER_ID") ENABLE;
